query-id	corpus-id	score
1	139	2
1	151	1
1	166	1
1	311	1
1	370	0
1	392	1
1	439	1
1	440	1
1	441	2
1	454	0
1	461	1
1	502	2
1	503	0
1	505	1
1	520	0
1	522	1
1	526	1
1	527	1
1	533	2
1	593	0
1	619	1
1	737	0
1	742	0
1	789	1
1	827	0
1	835	1
1	861	1
1	875	1
1	891	1
1	921	0
1	922	0
1	1175	0
1	1185	1
1	1222	1
2	169	0
2	434	1
2	454	0
2	498	0
2	499	0
2	592	2
2	875	1
3	23	0
3	40	0
3	139	2
3	190	1
3	221	1
3	246	1
3	309	0
3	311	1
3	325	1
3	345	0
3	347	0
3	356	0
3	370	1
3	374	1
3	375	1
3	439	1
3	440	0
3	454	0
3	515	0
3	520	0
3	524	0
3	526	0
3	527	0
3	533	1
3	535	0
3	560	0
3	561	1
3	571	0
3	584	0
3	604	2
3	623	0
3	633	2
3	733	0
3	742	0
3	854	0
3	856	2
3	950	0
3	967	1
3	1144	1
3	1161	1
3	1172	0
3	1175	1
3	1196	2
4	503	1
4	538	0
4	539	0
4	540	0
4	553	1
4	604	2
4	669	0
4	711	2
4	876	2
5	23	0
5	47	1
5	50	1
5	60	1
5	114	1
5	132	1
5	135	1
5	139	0
5	151	2
5	169	1
5	189	1
5	190	1
5	197	1
5	200	1
5	226	1
5	256	1
5	265	0
5	297	1
5	298	1
5	299	1
5	311	1
5	312	1
5	325	1
5	333	1
5	343	2
5	347	2
5	349	1
5	369	1
5	370	1
5	371	1
5	374	2
5	386	1
5	392	1
5	410	1
5	420	1
5	427	1
5	428	1
5	430	1
5	434	1
5	437	1
5	439	2
5	440	0
5	441	1
5	450	1
5	461	0
5	465	2
5	478	1
5	496	0
5	497	1
5	498	2
5	499	2
5	500	2
5	501	0
5	502	0
5	503	1
5	505	1
5	511	1
5	513	0
5	516	0
5	520	0
5	524	0
5	531	1
5	533	1
5	549	1
5	553	1
5	559	1
5	561	0
5	568	1
5	590	1
5	592	1
5	593	2
5	604	2
5	605	0
5	633	2
5	669	0
5	701	1
5	702	0
5	710	2
5	711	2
5	722	1
5	724	2
5	729	1
5	731	2
5	733	2
5	750	0
5	761	1
5	763	1
5	772	0
5	779	1
5	788	1
5	805	1
5	843	2
5	845	1
5	856	1
5	857	0
5	861	2
5	864	1
5	867	1
5	875	2
5	876	2
5	888	2
5	889	2
5	895	0
5	925	1
5	935	1
5	943	1
5	944	1
5	975	2
5	980	0
5	982	2
5	990	2
5	1000	2
5	1019	1
5	1038	1
5	1040	1
5	1064	0
5	1076	1
5	1080	1
5	1088	1
5	1091	1
5	1092	2
5	1093	2
5	1098	1
5	1144	1
5	1156	1
5	1175	0
5	1185	1
5	1188	1
5	1196	0
5	1223	1
5	1226	1
6	25	0
6	31	2
6	90	0
6	195	0
6	326	1
6	370	0
6	438	1
6	440	0
6	441	0
6	503	0
6	511	0
6	586	1
6	592	0
6	593	0
6	722	1
6	731	1
6	734	2
6	805	0
6	875	0
6	922	0
6	963	0
6	975	0
6	1092	1
6	1093	2
7	45	0
7	53	1
7	166	2
7	171	1
7	256	1
7	370	1
7	371	2
7	386	1
7	410	0
7	439	1
7	535	1
7	623	1
7	633	0
7	634	0
7	640	0
7	669	0
7	831	0
7	853	0
7	856	1
7	857	0
7	921	0
7	1027	0
7	1054	0
7	1056	0
7	1057	0
7	1059	0
7	1064	0
7	1161	1
8	23	2
8	169	0
8	322	0
8	370	0
8	386	0
8	435	1
8	439	0
8	463	1
8	496	0
8	497	1
8	498	0
8	499	2
8	503	1
8	605	1
8	683	0
8	710	0
8	750	0
8	771	0
8	867	0
8	875	1
8	944	1
8	1125	0
9	165	2
9	174	1
9	362	1
9	370	1
9	414	2
9	443	0
9	794	0
9	992	0
9	1040	1
9	1115	2
10	30	2
10	126	1
10	157	2
10	170	2
10	296	2
10	301	1
10	322	1
10	370	0
10	413	2
10	443	0
10	581	2
10	676	2
10	715	0
10	722	1
10	728	1
10	758	0
10	782	0
10	835	0
10	878	2
10	941	0
10	1115	2
10	1215	0
10	1218	2
10	1234	1
10	1239	1
11	36	1
11	46	1
11	96	0
11	186	0
11	301	0
11	428	2
11	518	0
11	649	0
11	652	1
11	659	0
11	772	0
11	796	2
11	798	2
11	799	0
11	835	0
11	837	1
11	908	0
11	909	2
11	991	2
11	1119	0
11	1178	0
11	1226	2
12	70	2
12	181	1
12	443	0
12	466	0
12	755	0
12	918	0
12	1115	1
13	156	2
13	301	2
13	314	2
13	322	0
13	370	0
13	443	0
13	462	0
13	522	0
13	643	0
13	695	0
13	715	0
13	719	0
13	722	1
13	763	1
13	764	1
13	791	1
13	822	1
13	900	0
13	902	1
13	978	0
13	1017	0
13	1033	1
13	1097	1
13	1124	2
14	5	0
14	89	0
14	92	1
14	131	2
14	135	1
14	150	2
14	156	0
14	203	0
14	232	0
14	233	2
14	234	1
14	291	1
14	297	1
14	314	0
14	319	0
14	344	2
14	345	0
14	356	1
14	367	0
14	370	0
14	379	1
14	405	2
14	413	1
14	417	1
14	419	2
14	421	1
14	424	1
14	462	2
14	465	2
14	492	0
14	584	1
14	602	1
14	616	0
14	635	2
14	662	0
14	695	0
14	719	1
14	777	2
14	791	2
14	809	0
14	815	2
14	852	2
14	889	1
14	899	2
14	930	2
14	941	1
14	1000	1
14	1008	0
14	1013	1
14	1100	2
14	1117	0
14	1124	2
14	1135	2
14	1206	0
14	1234	1
15	17	1
15	59	2
15	63	0
15	72	1
15	91	1
15	95	1
15	97	1
15	98	1
15	99	2
15	135	1
15	149	1
15	174	0
15	197	1
15	204	2
15	205	2
15	226	2
15	232	0
15	238	1
15	266	2
15	297	1
15	301	2
15	322	2
15	339	2
15	350	1
15	354	1
15	355	2
15	364	2
15	370	1
15	385	2
15	398	1
15	408	0
15	410	2
15	413	0
15	414	0
15	420	1
15	422	2
15	423	1
15	424	0
15	426	1
15	434	1
15	443	2
15	474	0
15	545	2
15	549	2
15	550	1
15	601	2
15	603	1
15	611	1
15	642	0
15	643	1
15	657	1
15	673	1
15	690	1
15	700	2
15	720	2
15	722	2
15	724	1
15	725	0
15	729	1
15	731	1
15	735	1
15	747	0
15	752	2
15	763	2
15	764	1
15	767	1
15	792	0
15	794	0
15	816	1
15	822	2
15	833	1
15	837	1
15	844	2
15	853	0
15	854	1
15	857	0
15	863	1
15	870	2
15	875	1
15	888	1
15	889	1
15	900	1
15	944	2
15	990	2
15	993	0
15	994	1
15	1000	2
15	1013	1
15	1016	1
15	1027	0
15	1033	1
15	1040	2
15	1093	1
15	1098	2
15	1115	2
15	1162	2
15	1184	2
15	1187	1
15	1192	2
15	1195	1
15	1226	2
15	1232	1
15	1234	1
15	1235	0
16	5	1
16	10	1
16	17	1
16	36	0
16	41	0
16	46	1
16	69	2
16	72	1
16	89	2
16	92	0
16	95	2
16	97	0
16	98	0
16	126	1
16	129	0
16	130	1
16	132	1
16	134	0
16	135	2
16	148	1
16	150	0
16	168	1
16	181	1
16	182	2
16	186	2
16	189	1
16	197	0
16	202	0
16	205	1
16	212	1
16	225	1
16	226	2
16	238	1
16	240	0
16	255	1
16	288	1
16	290	1
16	292	1
16	297	1
16	298	1
16	301	2
16	314	0
16	320	1
16	322	2
16	330	1
16	331	1
16	333	1
16	350	1
16	357	1
16	359	2
16	364	2
16	370	2
16	376	0
16	386	1
16	396	2
16	398	0
16	413	1
16	421	0
16	424	2
16	428	2
16	434	0
16	443	2
16	462	0
16	466	2
16	468	1
16	472	0
16	473	1
16	475	2
16	478	1
16	489	1
16	490	1
16	510	1
16	512	0
16	518	1
16	522	0
16	550	2
16	553	1
16	559	1
16	581	1
16	582	0
16	586	1
16	594	0
16	615	1
16	616	1
16	641	2
16	642	2
16	643	1
16	649	2
16	656	1
16	657	1
16	658	1
16	659	2
16	660	1
16	662	1
16	673	1
16	676	2
16	708	0
16	709	0
16	711	1
16	715	1
16	719	1
16	722	2
16	723	1
16	724	1
16	725	1
16	727	2
16	729	1
16	730	1
16	731	2
16	735	1
16	755	1
16	756	1
16	758	1
16	762	0
16	763	2
16	764	2
16	767	1
16	770	0
16	772	2
16	783	0
16	791	1
16	797	1
16	799	2
16	809	0
16	810	1
16	816	1
16	822	2
16	834	2
16	835	1
16	837	1
16	844	2
16	867	0
16	870	1
16	872	0
16	875	1
16	882	2
16	888	2
16	889	2
16	893	1
16	896	0
16	901	0
16	902	0
16	919	1
16	928	0
16	932	1
16	935	1
16	937	1
16	938	1
16	941	1
16	943	1
16	944	1
16	970	0
16	974	0
16	984	0
16	990	1
16	991	0
16	993	2
16	994	0
16	1000	2
16	1002	0
16	1016	1
16	1017	1
16	1023	2
16	1033	1
16	1037	1
16	1051	0
16	1066	1
16	1076	1
16	1080	2
16	1098	2
16	1101	2
16	1115	2
16	1135	1
16	1154	2
16	1158	1
16	1189	1
16	1192	1
16	1226	0
16	1232	1
16	1234	1
17	49	2
17	89	0
17	101	0
17	128	1
17	132	1
17	135	1
17	153	2
17	189	1
17	233	0
17	238	1
17	297	1
17	298	1
17	301	2
17	330	1
17	333	1
17	357	1
17	359	2
17	370	1
17	428	2
17	443	0
17	450	0
17	506	0
17	643	1
17	660	0
17	662	0
17	688	1
17	722	1
17	729	1
17	730	1
17	731	2
17	735	2
17	791	2
17	810	2
17	816	2
17	837	1
17	839	1
17	845	1
17	882	2
17	889	2
17	897	0
17	937	1
17	938	1
17	941	1
17	944	1
17	1000	1
17	1023	1
17	1040	1
17	1069	1
17	1080	1
17	1088	2
17	1101	1
17	1103	0
17	1115	1
17	1187	1
17	1234	1
18	129	2
18	153	1
18	205	0
18	226	2
18	364	0
18	370	0
18	414	2
18	424	0
18	443	0
18	642	0
18	656	1
18	657	0
18	658	0
18	660	0
18	725	0
18	816	0
18	935	0
18	993	0
18	994	0
18	1016	0
18	1162	0
19	21	0
19	49	1
19	359	1
19	370	0
19	398	1
19	432	1
19	455	0
19	487	2
19	506	2
19	618	2
19	626	2
19	672	2
19	688	2
19	693	2
19	897	2
19	936	0
19	944	1
19	1000	1
19	1049	1
19	1103	2
19	1129	1
19	1205	1
20	126	2
20	133	2
20	153	2
20	181	0
20	207	2
20	208	2
20	220	1
20	278	1
20	283	0
20	286	1
20	287	1
20	288	0
20	290	1
20	292	1
20	370	0
20	443	0
20	538	2
20	539	1
20	540	2
20	544	1
20	604	0
20	643	1
20	711	0
20	715	1
20	731	1
20	758	2
20	767	0
20	791	1
20	823	2
20	824	1
20	882	2
20	919	0
20	924	2
20	928	0
20	944	1
20	962	2
20	970	1
20	1066	2
20	1080	0
20	1115	2
20	1168	2
20	1189	1
20	1213	2
20	1215	2
20	1234	1
20	1239	0
21	68	2
21	97	2
21	98	2
21	181	1
21	251	2
21	413	1
21	416	1
21	434	1
21	443	2
21	551	0
21	615	1
21	676	1
21	708	2
21	709	2
21	719	0
21	722	1
21	751	1
21	756	0
21	757	0
21	932	1
21	941	1
21	1098	2
21	1115	2
21	1158	1
21	1189	1
22	13	2
22	39	2
22	67	1
22	69	1
22	104	1
22	130	2
22	189	1
22	197	1
22	221	1
22	226	1
22	237	1
22	247	0
22	258	1
22	262	2
22	276	2
22	322	1
22	325	1
22	333	1
22	342	0
22	343	1
22	350	0
22	365	1
22	370	2
22	392	1
22	431	1
22	464	1
22	465	1
22	473	1
22	478	1
22	503	1
22	510	1
22	512	0
22	514	1
22	586	1
22	590	1
22	654	1
22	671	1
22	682	1
22	692	2
22	704	1
22	713	1
22	729	1
22	731	2
22	735	1
22	764	2
22	774	1
22	788	1
22	843	2
22	845	2
22	871	1
22	880	2
22	881	2
22	882	2
22	888	2
22	898	2
22	908	1
22	942	1
22	946	1
22	968	0
22	1000	2
22	1033	1
22	1040	1
22	1083	2
22	1093	1
22	1114	2
22	1144	0
22	1156	1
22	1166	0
22	1194	1
22	1195	1
23	9	1
23	10	2
23	11	0
23	12	2
23	34	2
23	42	2
23	99	2
23	162	0
23	163	1
23	167	0
23	198	0
23	248	0
23	285	0
23	322	1
23	350	1
23	370	2
23	426	2
23	434	2
23	464	0
23	509	2
23	541	2
23	582	2
23	583	0
23	598	2
23	716	2
23	780	0
23	859	0
23	883	1
23	888	2
23	979	2
23	984	2
23	1096	1
23	1114	2
23	1156	0
23	1163	0
24	32	0
24	72	1
24	199	1
24	207	1
24	210	0
24	240	1
24	254	1
24	331	1
24	370	0
24	377	1
24	411	1
24	477	1
24	492	1
24	522	1
24	552	2
24	559	0
24	611	1
24	647	2
24	677	1
24	724	2
24	763	1
24	858	1
24	913	2
24	915	1
24	926	1
24	934	1
24	1000	1
24	1031	1
24	1109	2
24	1195	1
24	1232	1
25	72	2
25	74	0
25	83	1
25	84	1
25	106	2
25	112	1
25	120	2
25	141	1
25	162	1
25	172	1
25	198	2
25	221	1
25	276	1
25	370	0
25	390	0
25	392	1
25	411	1
25	415	0
25	425	1
25	431	2
25	432	2
25	464	0
25	465	2
25	503	1
25	505	1
25	530	1
25	550	1
25	559	1
25	566	0
25	568	0
25	569	1
25	622	1
25	647	2
25	855	1
25	858	1
25	875	1
25	880	2
25	881	2
25	891	1
25	913	2
25	915	1
25	926	1
25	949	1
25	977	0
25	1027	1
25	1031	0
25	1083	1
25	1156	0
25	1194	1
25	1195	2
25	1210	1
26	74	0
26	104	2
26	199	2
26	221	1
26	281	2
26	285	2
26	328	1
26	333	1
26	342	0
26	343	0
26	370	0
26	392	1
26	431	2
26	434	1
26	442	2
26	465	1
26	485	0
26	488	0
26	490	1
26	610	2
26	617	2
26	665	2
26	713	0
26	774	1
26	807	2
26	855	0
26	881	2
26	942	1
26	1061	2
26	1144	2
26	1166	1
26	1194	1
26	1195	1
27	98	2
27	179	1
27	599	2
27	756	2
27	858	1
27	905	2
27	912	1
27	913	1
27	1000	0
27	1083	0
27	1096	2
28	134	1
28	135	2
28	136	1
28	215	2
28	274	0
28	300	2
28	322	2
28	331	1
28	333	1
28	343	1
28	351	2
28	352	2
28	370	2
28	392	1
28	398	1
28	465	1
28	467	1
28	477	1
28	510	1
28	550	1
28	559	1
28	586	1
28	611	1
28	665	1
28	722	2
28	724	2
28	729	1
28	735	1
28	759	1
28	763	2
28	822	2
28	832	1
28	837	1
28	875	1
28	882	2
28	913	1
28	937	1
28	942	1
28	944	1
28	969	1
28	990	2
28	1000	2
28	1033	2
28	1040	2
28	1083	2
28	1093	2
28	1187	1
28	1192	2
28	1222	1
28	1226	1
28	1234	2
29	15	2
29	100	1
29	215	2
29	274	2
29	300	2
29	322	2
29	333	1
29	343	1
29	350	0
29	351	2
29	352	2
29	353	0
29	370	2
29	385	1
29	392	1
29	434	1
29	442	1
29	477	0
29	510	1
29	553	1
29	687	0
29	714	2
29	722	2
29	724	2
29	729	1
29	759	2
29	763	2
29	764	0
29	788	0
29	822	2
29	832	2
29	837	1
29	875	1
29	937	1
29	942	1
29	944	2
29	1000	1
29	1033	0
29	1040	1
29	1083	2
29	1093	0
29	1184	0
29	1192	2
29	1234	2
30	117	2
30	328	1
30	332	1
30	433	2
30	492	1
30	557	2
30	586	2
30	687	0
30	775	1
30	880	2
30	881	1
30	911	2
30	942	0
30	1001	1
30	1084	0
30	1224	2
30	1234	1
31	43	2
31	69	1
31	127	2
31	128	0
31	136	1
31	145	2
31	168	1
31	189	2
31	213	1
31	226	2
31	239	2
31	272	0
31	330	1
31	331	1
31	332	2
31	359	0
31	370	1
31	389	0
31	433	2
31	448	2
31	467	2
31	512	0
31	550	1
31	551	1
31	557	2
31	586	2
31	620	1
31	628	1
31	651	1
31	701	0
31	722	1
31	724	0
31	729	1
31	735	0
31	760	2
31	762	0
31	764	0
31	839	2
31	845	2
31	882	2
31	937	1
31	938	2
31	940	1
31	942	2
31	944	1
31	999	2
31	1000	1
31	1020	2
31	1022	2
31	1036	2
31	1040	2
31	1084	2
31	1093	2
31	1187	1
31	1224	0
31	1232	1
31	1233	2
31	1234	2
32	43	0
32	127	1
32	128	0
32	181	1
32	184	2
32	189	2
32	212	1
32	226	1
32	239	1
32	315	0
32	330	1
32	331	1
32	370	0
32	389	2
32	433	1
32	467	0
32	473	1
32	489	0
32	506	0
32	586	1
32	722	2
32	735	1
32	764	1
32	882	1
32	937	1
32	999	0
32	1040	1
32	1093	1
32	1220	1
32	1234	0
33	37	1
33	65	1
33	91	2
33	94	0
33	96	1
33	210	0
33	225	2
33	297	1
33	359	1
33	370	2
33	403	2
33	404	2
33	413	2
33	465	2
33	515	1
33	612	2
33	637	0
33	638	0
33	663	1
33	719	1
33	721	2
33	731	1
33	763	1
33	764	2
33	773	1
33	793	0
33	795	0
33	797	0
33	811	2
33	818	0
33	822	1
33	825	2
33	846	1
33	882	1
33	888	2
33	889	2
33	916	2
33	920	2
33	927	1
33	978	0
33	981	0
33	995	1
33	996	2
33	1000	0
33	1023	1
33	1052	2
33	1072	1
33	1098	1
33	1105	2
33	1113	2
33	1122	2
33	1123	2
33	1183	2
33	1186	2
33	1189	1
33	1215	0
33	1234	2
34	37	2
34	65	2
34	76	1
34	77	0
34	94	2
34	135	1
34	225	2
34	235	0
34	236	0
34	247	0
34	261	2
34	277	0
34	297	1
34	359	0
34	403	1
34	404	2
34	465	2
34	471	1
34	552	1
34	627	1
34	637	2
34	638	2
34	721	2
34	773	1
34	795	2
34	817	2
34	818	1
34	825	0
34	846	2
34	916	1
34	933	1
34	941	0
34	944	1
34	995	2
34	1000	0
34	1023	1
34	1052	1
34	1186	1
34	1234	1
35	32	0
35	120	0
35	210	2
35	811	0
35	825	0
35	888	1
35	913	0
35	915	0
35	920	0
35	926	0
35	948	0
35	1105	1
35	1109	2
35	1119	1
36	66	0
36	325	1
36	370	2
36	403	0
36	612	0
36	721	0
36	722	0
36	724	1
36	1052	0
37	3	2
37	4	0
37	28	0
37	33	2
37	35	2
37	38	2
37	65	1
37	71	1
37	76	2
37	116	1
37	119	1
37	120	2
37	131	2
37	148	1
37	150	1
37	158	2
37	175	2
37	203	2
37	220	1
37	225	2
37	231	2
37	233	0
37	234	2
37	238	1
37	247	2
37	280	2
37	291	1
37	294	0
37	318	2
37	319	1
37	333	2
37	334	1
37	342	1
37	345	1
37	370	2
37	378	2
37	379	2
37	380	2
37	392	1
37	403	1
37	428	1
37	433	0
37	443	1
37	465	2
37	470	1
37	476	2
37	482	2
37	483	2
37	491	2
37	492	2
37	510	1
37	512	1
37	514	1
37	596	1
37	600	2
37	627	2
37	671	1
37	697	2
37	711	0
37	712	2
37	717	2
37	721	0
37	731	2
37	774	1
37	776	1
37	815	2
37	817	2
37	818	1
37	831	1
37	835	2
37	849	2
37	866	2
37	871	2
37	877	2
37	888	1
37	930	2
37	933	1
37	941	0
37	942	1
37	944	0
37	946	2
37	991	2
37	1008	2
37	1011	1
37	1014	2
37	1028	2
37	1080	1
37	1126	2
37	1128	2
37	1130	1
37	1131	2
37	1133	2
37	1135	1
37	1174	2
37	1176	2
37	1178	2
37	1182	2
37	1234	2
38	14	2
38	76	1
38	117	0
38	142	1
38	252	0
38	360	2
38	370	1
38	390	2
38	392	1
38	444	1
38	465	2
38	503	1
38	505	0
38	510	1
38	572	0
38	573	0
38	621	1
38	622	2
38	627	1
38	634	2
38	644	1
38	646	1
38	666	0
38	702	2
38	729	1
38	776	1
38	786	0
38	856	1
38	862	1
38	866	0
38	873	2
38	881	0
38	882	2
38	888	1
38	971	2
38	990	2
38	1001	0
38	1024	1
38	1027	0
38	1029	0
38	1059	0
38	1066	1
38	1068	2
38	1072	1
38	1075	0
38	1130	2
38	1136	2
38	1140	2
38	1146	1
38	1148	1
38	1160	1
38	1230	0
38	1234	0
39	3	0
39	67	1
39	74	1
39	76	1
39	83	1
39	84	1
39	85	2
39	102	0
39	107	1
39	108	2
39	112	1
39	135	1
39	143	0
39	216	2
39	217	2
39	218	2
39	219	2
39	221	2
39	222	1
39	225	2
39	226	1
39	230	2
39	233	0
39	235	2
39	236	2
39	244	0
39	248	0
39	249	2
39	252	1
39	254	0
39	263	1
39	276	1
39	277	2
39	289	2
39	293	2
39	297	1
39	301	1
39	304	2
39	306	1
39	307	1
39	308	2
39	338	2
39	342	2
39	343	2
39	356	1
39	360	0
39	365	1
39	366	0
39	370	1
39	392	1
39	404	2
39	407	2
39	412	0
39	420	2
39	433	2
39	453	0
39	465	2
39	470	1
39	488	1
39	490	1
39	494	2
39	503	1
39	505	2
39	508	1
39	510	1
39	529	2
39	530	1
39	532	1
39	534	1
39	535	1
39	553	2
39	560	2
39	563	2
39	564	1
39	565	1
39	566	1
39	567	1
39	568	1
39	569	1
39	570	1
39	571	1
39	572	1
39	573	1
39	576	0
39	584	2
39	586	1
39	608	1
39	610	1
39	619	1
39	621	1
39	622	2
39	627	1
39	639	1
39	645	1
39	646	1
39	647	0
39	652	1
39	654	1
39	702	2
39	716	1
39	729	1
39	738	2
39	739	2
39	740	2
39	744	1
39	746	2
39	749	1
39	776	1
39	777	1
39	786	1
39	845	1
39	849	1
39	851	1
39	862	1
39	869	2
39	873	2
39	881	1
39	882	2
39	888	1
39	889	1
39	892	1
39	902	1
39	918	2
39	942	1
39	944	1
39	949	2
39	966	2
39	971	2
39	990	2
39	1001	1
39	1026	1
39	1027	1
39	1029	1
39	1044	1
39	1066	1
39	1070	1
39	1072	1
39	1076	1
39	1096	0
39	1127	1
39	1135	1
39	1136	0
39	1137	1
39	1139	2
39	1140	0
39	1141	2
39	1146	1
39	1148	1
39	1160	0
39	1161	1
39	1185	1
39	1194	1
39	1209	1
39	1210	1
39	1211	2
39	1222	1
39	1224	1
39	1225	2
39	1230	2
39	1234	1
39	1236	1
39	1238	2
40	2	0
40	3	2
40	4	2
40	5	0
40	9	1
40	10	1
40	17	1
40	28	2
40	32	1
40	35	0
40	76	1
40	77	2
40	95	0
40	103	0
40	105	0
40	108	0
40	109	0
40	112	0
40	115	0
40	116	2
40	119	1
40	120	1
40	132	1
40	142	1
40	144	1
40	150	2
40	151	2
40	169	0
40	173	1
40	189	1
40	198	0
40	210	1
40	225	2
40	231	2
40	233	2
40	235	0
40	236	0
40	240	0
40	248	0
40	249	0
40	252	2
40	254	2
40	261	0
40	263	1
40	277	2
40	279	0
40	289	0
40	291	1
40	293	1
40	294	1
40	297	1
40	298	1
40	304	0
40	308	0
40	333	1
40	338	1
40	344	1
40	345	1
40	351	0
40	352	0
40	370	1
40	392	1
40	404	2
40	405	2
40	407	0
40	413	1
40	417	2
40	420	2
40	434	1
40	465	2
40	478	1
40	479	1
40	508	2
40	510	0
40	515	1
40	526	0
40	529	0
40	532	0
40	535	1
40	553	0
40	560	0
40	571	0
40	572	0
40	573	0
40	576	0
40	583	1
40	613	1
40	616	1
40	619	0
40	645	0
40	646	0
40	654	0
40	673	1
40	677	1
40	731	1
40	735	1
40	763	1
40	780	0
40	785	2
40	786	2
40	815	1
40	849	0
40	851	1
40	852	1
40	869	0
40	882	1
40	888	0
40	899	0
40	931	0
40	941	1
40	942	1
40	949	0
40	954	1
40	956	0
40	959	0
40	1000	1
40	1008	2
40	1024	0
40	1027	1
40	1029	1
40	1052	1
40	1080	1
40	1100	2
40	1105	2
40	1109	0
40	1117	2
40	1124	0
40	1126	0
40	1127	2
40	1128	0
40	1130	1
40	1131	2
40	1132	1
40	1133	1
40	1135	2
40	1137	1
40	1139	0
40	1141	0
40	1146	0
40	1148	0
40	1160	1
40	1161	0
40	1192	1
40	1193	1
40	1230	0
40	1234	2
41	46	0
41	296	0
41	301	0
41	322	0
41	370	0
41	392	0
41	603	1
41	941	1
41	998	0
41	1106	2
41	1107	2
41	1108	2
41	1115	2
41	1184	0
41	1190	2
42	5	1
42	46	0
42	57	2
42	92	2
42	135	1
42	209	2
42	245	1
42	297	1
42	301	2
42	314	0
42	317	2
42	322	1
42	337	2
42	339	0
42	370	1
42	416	2
42	434	1
42	443	0
42	489	1
42	505	1
42	509	0
42	550	1
42	585	2
42	586	1
42	601	1
42	695	2
42	719	1
42	722	2
42	724	1
42	731	1
42	763	1
42	764	1
42	770	1
42	822	1
42	837	1
42	888	1
42	931	1
42	944	1
42	1000	1
42	1033	1
42	1040	1
42	1085	1
42	1093	1
42	1187	1
42	1192	1
42	1232	1
42	1234	1
43	3	0
43	4	0
43	28	0
43	54	1
43	65	0
43	66	1
43	91	0
43	94	0
43	119	2
43	124	2
43	125	2
43	135	1
43	137	2
43	140	2
43	147	0
43	172	2
43	173	0
43	199	1
43	221	1
43	261	0
43	294	0
43	301	1
43	302	0
43	303	0
43	307	1
43	308	0
43	311	0
43	324	0
43	334	0
43	361	0
43	370	2
43	386	0
43	392	1
43	404	0
43	418	2
43	430	1
43	440	2
43	441	2
43	461	0
43	471	1
43	484	0
43	490	1
43	493	1
43	504	2
43	505	1
43	522	1
43	526	0
43	527	0
43	560	0
43	562	0
43	563	1
43	568	2
43	570	1
43	571	1
43	575	1
43	636	0
43	655	0
43	693	1
43	694	0
43	707	1
43	714	0
43	733	1
43	737	1
43	741	1
43	758	1
43	793	0
43	795	0
43	817	0
43	818	0
43	864	1
43	889	1
43	891	1
43	913	0
43	916	0
43	918	1
43	921	2
43	944	1
43	958	2
43	960	2
43	966	1
43	967	1
43	975	2
43	982	1
43	997	0
43	1000	2
43	1080	1
43	1093	1
43	1094	1
43	1121	1
43	1156	1
43	1167	1
43	1172	1
43	1184	0
43	1185	1
43	1199	2
43	1200	1
43	1209	1
43	1216	0
44	44	2
44	45	0
44	53	2
44	67	1
44	72	2
44	74	2
44	83	1
44	84	2
44	106	1
44	108	0
44	118	0
44	121	0
44	122	1
44	124	2
44	125	0
44	135	1
44	138	2
44	142	0
44	143	2
44	154	2
44	166	0
44	171	2
44	172	0
44	190	2
44	235	0
44	236	1
44	242	0
44	243	0
44	244	0
44	257	1
44	264	0
44	269	2
44	276	1
44	297	1
44	310	0
44	312	2
44	325	1
44	336	1
44	360	1
44	370	0
44	371	1
44	381	1
44	386	2
44	390	2
44	392	1
44	399	1
44	409	1
44	411	2
44	415	0
44	430	1
44	435	1
44	436	0
44	453	2
44	465	1
44	493	1
44	495	2
44	503	1
44	504	2
44	523	1
44	528	2
44	538	1
44	548	2
44	561	2
44	563	1
44	566	2
44	567	2
44	568	2
44	569	0
44	570	0
44	572	0
44	574	2
44	575	2
44	576	0
44	590	1
44	608	1
44	621	2
44	622	2
44	623	2
44	624	2
44	625	2
44	634	2
44	636	2
44	645	1
44	647	2
44	655	2
44	666	1
44	691	2
44	702	2
44	737	2
44	743	2
44	747	1
44	750	2
44	765	2
44	766	2
44	767	1
44	786	2
44	840	2
44	841	1
44	847	2
44	850	2
44	856	1
44	858	1
44	862	1
44	873	2
44	875	1
44	951	2
44	953	2
44	961	0
44	967	2
44	971	1
44	973	2
44	1024	2
44	1029	2
44	1030	2
44	1053	2
44	1054	1
44	1055	2
44	1057	2
44	1059	2
44	1070	1
44	1072	2
44	1130	2
44	1136	1
44	1139	1
44	1142	2
44	1144	1
44	1146	0
44	1148	2
44	1156	1
44	1157	1
44	1160	2
44	1185	1
44	1196	1
44	1201	2
44	1202	2
44	1210	1
44	1212	1
44	1222	2
44	1230	1
44	1231	1
45	278	0
45	283	0
45	286	0
45	287	1
45	288	0
45	289	0
45	290	0
45	292	0
45	293	0
45	338	2
45	538	0
45	540	0
45	715	0
45	758	0
45	803	2
45	919	2
45	924	2
45	1050	0
45	1159	2
45	1168	0
46	51	2
46	53	2
46	370	0
46	410	1
46	430	1
46	500	0
46	503	1
46	516	1
46	553	2
46	568	0
46	623	0
46	702	2
46	737	2
46	854	1
46	856	1
46	857	2
46	1196	1
46	1212	1
47	15	2
47	57	0
47	92	0
47	118	0
47	121	0
47	125	1
47	163	2
47	165	2
47	172	2
47	183	0
47	208	1
47	209	0
47	245	0
47	259	0
47	278	0
47	279	0
47	283	0
47	286	0
47	287	0
47	295	1
47	296	0
47	301	0
47	302	0
47	317	0
47	337	0
47	361	0
47	370	0
47	406	2
47	416	0
47	436	1
47	505	1
47	508	0
47	525	0
47	585	0
47	613	0
47	684	2
47	694	2
47	695	0
47	707	0
47	781	1
47	862	0
47	868	0
47	906	1
47	928	0
47	931	0
47	971	0
47	998	0
47	1000	1
47	1013	0
47	1058	0
47	1075	0
47	1106	0
47	1107	0
47	1108	0
47	1129	0
47	1132	0
47	1165	2
47	1192	0
47	1194	0
47	1206	0
48	44	0
48	72	0
48	74	0
48	124	0
48	143	2
48	154	2
48	190	0
48	257	1
48	312	0
48	336	2
48	386	0
48	422	1
48	436	2
48	453	2
48	493	1
48	495	0
48	523	0
48	548	0
48	566	0
48	568	2
48	576	2
48	691	1
48	765	0
48	766	0
48	786	0
48	850	2
48	967	1
48	1142	0
48	1201	1
48	1231	2
49	72	0
49	84	0
49	138	2
49	143	2
49	230	0
49	313	2
49	370	0
49	392	0
49	393	0
49	430	0
49	436	2
49	440	0
49	465	1
49	493	2
49	503	1
49	504	2
49	505	1
49	523	0
49	530	1
49	553	0
49	562	0
49	563	0
49	566	0
49	568	2
49	570	1
49	586	1
49	608	1
49	624	2
49	625	1
49	691	0
49	726	0
49	743	0
49	749	1
49	953	2
49	972	2
49	1198	2
50	44	0
50	259	2
50	309	0
50	347	1
50	435	2
50	440	1
50	495	2
50	505	1
50	543	0
50	548	2
50	568	1
50	570	1
50	575	1
50	601	1
50	634	1
50	829	1
50	848	2
50	953	2
50	961	2
50	973	0
50	1058	0
50	1156	1
50	1157	2
50	1159	1
50	1160	1
51	1	0
51	11	0
51	14	0
51	18	0
51	19	0
51	26	1
51	44	0
51	51	0
51	55	0
51	62	0
51	63	0
51	66	1
51	67	2
51	72	2
51	83	1
51	84	2
51	85	2
51	102	0
51	107	2
51	108	1
51	112	2
51	114	1
51	122	2
51	124	2
51	135	1
51	137	1
51	141	2
51	142	2
51	177	1
51	190	1
51	191	1
51	196	1
51	200	1
51	201	2
51	214	2
51	216	0
51	217	0
51	218	0
51	219	0
51	221	0
51	222	0
51	225	2
51	230	1
51	235	2
51	236	1
51	245	0
51	249	2
51	252	0
51	254	1
51	263	0
51	264	0
51	270	2
51	276	1
51	277	0
51	279	2
51	281	1
51	289	0
51	297	1
51	302	2
51	303	2
51	304	1
51	305	2
51	306	2
51	307	2
51	308	1
51	311	1
51	322	1
51	325	1
51	333	1
51	337	1
51	343	1
51	345	0
51	355	0
51	360	2
51	365	2
51	366	1
51	370	2
51	382	1
51	383	2
51	386	2
51	391	1
51	392	2
51	400	2
51	402	1
51	407	1
51	415	1
51	417	2
51	418	1
51	419	1
51	430	1
51	435	1
51	437	1
51	440	1
51	442	2
51	444	2
51	445	2
51	465	2
51	481	2
51	484	1
51	488	1
51	490	2
51	493	1
51	494	2
51	495	1
51	498	2
51	501	1
51	502	1
51	503	1
51	504	2
51	505	1
51	510	1
51	511	1
51	517	1
51	521	0
51	526	1
51	528	1
51	529	1
51	530	1
51	531	1
51	532	1
51	534	1
51	535	2
51	548	1
51	553	1
51	560	2
51	562	2
51	563	1
51	564	2
51	565	2
51	566	1
51	568	2
51	569	2
51	570	2
51	571	0
51	572	2
51	573	2
51	574	2
51	575	2
51	576	1
51	589	0
51	590	1
51	605	2
51	608	2
51	625	1
51	627	1
51	636	2
51	639	0
51	643	1
51	646	2
51	675	0
51	681	2
51	685	2
51	707	0
51	726	2
51	733	1
51	737	0
51	738	2
51	739	2
51	740	2
51	741	2
51	744	2
51	745	1
51	746	2
51	747	1
51	748	2
51	749	2
51	779	1
51	789	0
51	790	0
51	793	1
51	827	2
51	828	0
51	829	1
51	847	1
51	852	0
51	856	1
51	857	0
51	858	1
51	861	1
51	864	1
51	865	2
51	866	1
51	868	0
51	869	2
51	875	1
51	881	1
51	889	1
51	891	1
51	892	2
51	905	1
51	918	2
51	921	2
51	925	1
51	926	0
51	933	1
51	936	0
51	949	2
51	950	2
51	954	0
51	956	1
51	957	2
51	958	1
51	966	1
51	990	1
51	991	1
51	1001	1
51	1024	0
51	1026	2
51	1027	0
51	1044	1
51	1057	0
51	1065	1
51	1070	0
51	1074	2
51	1076	2
51	1079	1
51	1091	2
51	1120	2
51	1127	0
51	1135	0
51	1137	0
51	1139	0
51	1141	0
51	1156	1
51	1167	2
51	1196	1
51	1198	1
51	1199	0
51	1200	1
51	1202	0
51	1203	2
51	1204	1
51	1207	2
51	1208	2
51	1209	2
51	1210	1
51	1211	2
51	1212	2
51	1234	2
51	1236	2
51	1238	0
52	406	2
52	505	0
53	1	0
53	11	2
53	55	0
53	81	0
53	160	1
53	188	0
53	223	0
53	228	0
53	347	0
53	370	0
53	401	0
53	432	2
53	447	0
53	505	0
53	509	0
53	577	0
53	590	0
53	767	1
53	917	0
53	987	1
53	1170	0
53	1228	1
53	1229	1
54	11	2
54	23	0
54	55	0
54	187	1
54	206	0
54	211	2
54	223	2
54	228	2
54	229	2
54	333	1
54	341	2
54	347	2
54	358	2
54	369	1
54	382	2
54	394	0
54	401	1
54	402	2
54	432	2
54	485	1
54	488	0
54	505	1
54	513	2
54	547	1
54	550	1
54	552	1
54	577	0
54	590	1
54	607	0
54	613	0
54	626	1
54	631	2
54	632	2
54	716	1
54	767	1
54	771	0
54	790	1
54	793	1
54	806	1
54	812	2
54	819	2
54	860	2
54	904	2
54	905	0
54	917	0
54	941	1
54	964	2
54	990	1
54	1003	2
54	1005	1
54	1007	2
54	1013	1
54	1048	2
54	1060	2
54	1099	0
54	1134	2
54	1163	2
54	1164	2
54	1169	2
54	1171	0
54	1192	1
54	1237	0
55	70	0
55	232	0
55	305	0
55	347	0
55	358	2
55	391	0
55	430	1
55	432	2
55	463	0
55	505	1
55	521	2
55	530	2
55	640	0
55	675	0
55	749	0
55	779	0
55	820	2
55	828	0
55	847	0
55	890	1
55	1056	0
55	1070	0
55	1156	1
55	1205	0
56	55	0
56	89	0
56	123	1
56	135	1
56	181	2
56	185	1
56	212	2
56	288	0
56	290	0
56	292	0
56	414	0
56	424	0
56	432	0
56	443	0
56	450	2
56	758	0
56	767	2
56	783	0
56	794	0
56	919	0
56	924	0
56	925	0
56	928	0
56	970	0
56	972	0
56	1066	0
56	1091	2
56	1093	1
56	1102	0
56	1115	0
56	1234	1
56	1239	0
57	1	2
57	6	1
57	8	0
57	11	1
57	62	0
57	79	0
57	80	0
57	81	0
57	160	1
57	177	0
57	178	0
57	188	0
57	200	0
57	223	1
57	228	0
57	282	2
57	346	0
57	369	0
57	370	0
57	394	0
57	397	0
57	415	0
57	432	0
57	447	0
57	513	0
57	577	0
57	588	0
57	590	2
57	668	0
57	778	0
57	784	0
57	790	0
57	812	1
57	833	0
57	860	0
57	865	0
57	890	1
57	905	0
57	983	0
57	986	0
57	987	1
57	988	0
57	989	0
57	1086	0
57	1090	0
57	1091	1
57	1095	0
57	1170	2
57	1171	2
57	1173	0
57	1203	0
58	1	2
58	6	2
58	7	2
58	43	0
58	48	0
58	55	0
58	60	0
58	62	2
58	63	0
58	80	2
58	81	2
58	82	0
58	102	1
58	111	0
58	160	2
58	164	1
58	178	2
58	179	0
58	187	0
58	188	1
58	200	2
58	223	1
58	228	0
58	229	0
58	271	0
58	282	1
58	335	1
58	346	2
58	347	1
58	366	0
58	369	0
58	370	0
58	384	0
58	392	0
58	394	1
58	397	0
58	402	1
58	415	1
58	427	1
58	429	0
58	432	2
58	447	2
58	457	1
58	463	0
58	485	1
58	505	0
58	511	0
58	513	1
58	517	0
58	550	1
58	577	2
58	588	2
58	589	0
58	590	2
58	591	2
58	609	0
58	614	1
58	631	0
58	668	1
58	748	0
58	749	0
58	769	1
58	778	2
58	784	2
58	790	2
58	805	1
58	812	2
58	820	1
58	860	2
58	865	2
58	874	2
58	890	2
58	903	0
58	905	0
58	912	1
58	917	1
58	964	0
58	983	2
58	986	2
58	987	2
58	988	2
58	989	2
58	990	1
58	1005	1
58	1025	0
58	1077	0
58	1086	0
58	1090	0
58	1091	1
58	1134	2
58	1170	1
58	1171	2
58	1173	2
58	1228	0
58	1234	1
59	1	2
59	6	1
59	11	1
59	18	1
59	45	0
59	48	2
59	55	2
59	62	2
59	63	2
59	67	1
59	79	0
59	80	2
59	81	2
59	84	2
59	102	1
59	107	2
59	110	1
59	111	0
59	122	0
59	160	1
59	164	1
59	166	0
59	177	1
59	179	1
59	187	2
59	188	1
59	191	2
59	200	1
59	214	1
59	223	2
59	228	2
59	229	2
59	245	0
59	275	1
59	279	1
59	281	1
59	284	2
59	306	1
59	333	1
59	335	1
59	346	1
59	347	2
59	365	1
59	366	1
59	369	1
59	370	1
59	382	1
59	386	1
59	392	1
59	394	2
59	397	1
59	401	2
59	402	2
59	415	2
59	425	0
59	427	1
59	430	1
59	432	2
59	442	1
59	444	1
59	447	2
59	452	1
59	465	1
59	485	1
59	504	1
59	505	2
59	509	2
59	513	2
59	521	2
59	524	1
59	530	2
59	565	1
59	572	1
59	574	1
59	577	2
59	588	2
59	590	2
59	591	2
59	607	1
59	608	0
59	609	0
59	614	2
59	631	1
59	668	2
59	670	2
59	678	1
59	679	1
59	685	0
59	689	1
59	738	1
59	748	1
59	767	2
59	769	1
59	778	1
59	784	2
59	790	0
59	812	2
59	820	1
59	827	1
59	828	1
59	833	1
59	860	2
59	865	2
59	869	0
59	874	2
59	882	1
59	903	1
59	905	1
59	912	1
59	917	1
59	936	2
59	937	1
59	964	0
59	977	0
59	983	2
59	986	2
59	987	2
59	988	2
59	989	2
59	990	1
59	1005	1
59	1007	1
59	1025	1
59	1044	0
59	1056	0
59	1060	2
59	1071	1
59	1074	2
59	1075	1
59	1077	2
59	1091	1
59	1095	2
59	1097	1
59	1102	1
59	1134	2
59	1143	0
59	1163	1
59	1170	1
59	1171	2
59	1172	2
59	1173	0
59	1203	0
59	1205	1
59	1228	2
59	1232	1
60	17	1
60	87	0
60	100	2
60	155	0
60	241	2
60	267	1
60	322	0
60	340	2
60	348	2
60	354	0
60	370	0
60	446	0
60	519	0
60	550	0
60	587	0
60	597	0
60	653	0
60	698	2
60	722	1
60	724	1
60	751	0
60	764	1
60	990	2
60	1000	1
60	1004	2
60	1040	1
60	1041	0
60	1043	0
60	1046	2
60	1047	0
60	1104	1
60	1110	2
60	1192	0
60	1194	1
61	10	0
61	56	1
61	62	0
61	63	0
61	114	0
61	132	1
61	187	1
61	195	2
61	196	2
61	197	0
61	200	2
61	226	1
61	298	1
61	347	1
61	358	0
61	370	2
61	383	2
61	427	1
61	432	2
61	434	1
61	437	2
61	439	0
61	465	2
61	481	1
61	490	0
61	498	2
61	500	0
61	501	2
61	502	2
61	505	2
61	511	1
61	517	1
61	531	1
61	532	0
61	535	0
61	565	0
61	570	1
61	590	1
61	605	2
61	668	1
61	685	2
61	726	0
61	735	1
61	738	0
61	739	0
61	741	0
61	754	2
61	763	1
61	767	1
61	827	0
61	847	0
61	864	1
61	865	1
61	875	0
61	882	2
61	912	1
61	944	1
61	969	2
61	980	0
61	990	2
61	1040	1
61	1079	2
61	1092	2
61	1093	2
61	1098	1
61	1188	1
61	1207	0
61	1208	0
61	1234	1
61	1236	1
62	10	1
62	17	1
62	24	1
62	43	0
62	56	0
62	60	0
62	62	0
62	63	1
62	64	0
62	69	0
62	72	1
62	88	0
62	94	1
62	110	0
62	144	1
62	148	2
62	155	1
62	160	1
62	182	0
62	192	0
62	193	1
62	194	0
62	197	0
62	200	1
62	211	0
62	224	0
62	226	2
62	237	1
62	238	1
62	244	0
62	267	2
62	297	1
62	321	0
62	322	1
62	330	0
62	331	1
62	333	1
62	340	0
62	348	2
62	349	0
62	354	1
62	358	0
62	359	2
62	370	2
62	372	0
62	382	1
62	383	0
62	427	0
62	429	0
62	434	1
62	437	0
62	438	1
62	446	0
62	458	0
62	459	0
62	460	0
62	465	0
62	472	0
62	473	0
62	479	0
62	486	0
62	505	0
62	537	0
62	539	0
62	550	2
62	551	1
62	558	0
62	559	1
62	580	1
62	586	1
62	590	0
62	607	0
62	643	1
62	663	0
62	677	0
62	698	1
62	703	0
62	704	1
62	722	2
62	724	2
62	729	1
62	731	1
62	734	0
62	735	1
62	736	0
62	761	1
62	763	2
62	764	1
62	767	1
62	768	1
62	783	0
62	787	0
62	803	1
62	804	0
62	806	2
62	819	0
62	821	1
62	822	2
62	837	0
62	842	1
62	843	1
62	844	2
62	845	2
62	870	1
62	879	0
62	880	1
62	882	2
62	885	0
62	886	0
62	888	2
62	889	2
62	904	1
62	907	0
62	912	0
62	913	0
62	914	0
62	920	1
62	937	0
62	941	1
62	944	0
62	945	1
62	964	0
62	969	0
62	990	2
62	1000	2
62	1022	1
62	1023	2
62	1032	0
62	1033	1
62	1038	0
62	1039	0
62	1040	2
62	1042	1
62	1071	0
62	1073	2
62	1080	2
62	1093	1
62	1104	1
62	1151	1
62	1192	1
62	1195	0
62	1214	0
62	1232	1
62	1234	1
63	1	1
63	23	0
63	62	0
63	63	0
63	166	1
63	322	0
63	347	0
63	370	0
63	374	0
63	429	2
63	434	0
63	437	0
63	438	1
63	463	2
63	490	0
63	499	0
63	500	0
63	501	0
63	502	0
63	505	0
63	592	0
63	669	0
63	698	0
63	704	1
63	724	1
63	763	1
63	803	0
63	805	1
63	821	0
63	922	0
63	976	0
63	980	0
63	1040	1
63	1091	0
63	1155	2
63	1171	0
63	1192	0
63	1228	0
63	1229	0
64	17	2
64	20	2
64	22	2
64	24	1
64	64	1
64	144	1
64	148	1
64	155	1
64	160	1
64	197	1
64	227	0
64	267	1
64	322	1
64	331	1
64	349	0
64	358	0
64	370	0
64	372	2
64	382	1
64	434	1
64	437	2
64	472	0
64	550	2
64	590	1
64	605	1
64	606	0
64	674	0
64	698	1
64	703	1
64	722	0
64	724	1
64	768	1
64	814	2
64	842	2
64	844	2
64	882	1
64	889	2
64	907	1
64	944	1
64	963	1
64	1000	2
64	1033	1
64	1038	2
64	1067	1
64	1071	1
64	1076	1
64	1091	2
64	1093	2
64	1188	1
64	1195	2
65	17	2
65	20	1
65	22	2
65	24	2
65	64	2
65	87	2
65	93	1
65	132	1
65	135	1
65	144	2
65	148	2
65	155	2
65	192	0
65	194	2
65	197	2
65	206	1
65	211	2
65	224	0
65	227	1
65	238	1
65	267	1
65	297	1
65	322	1
65	323	2
65	331	1
65	341	2
65	349	2
65	358	0
65	368	2
65	370	2
65	372	2
65	383	1
65	386	1
65	387	2
65	388	2
65	437	2
65	519	1
65	539	0
65	543	1
65	546	1
65	550	2
65	578	2
65	587	1
65	597	2
65	599	1
65	606	1
65	611	1
65	629	1
65	653	1
65	674	2
65	699	1
65	722	2
65	736	1
65	763	1
65	788	1
65	803	1
65	814	2
65	819	0
65	821	0
65	833	1
65	842	2
65	882	1
65	885	2
65	886	2
65	889	1
65	904	0
65	913	1
65	963	1
65	964	0
65	990	2
65	1000	2
65	1006	0
65	1007	0
65	1038	2
65	1042	1
65	1045	2
65	1046	1
65	1048	1
65	1067	2
65	1073	2
65	1092	2
65	1093	1
65	1099	1
65	1149	1
65	1150	1
65	1151	2
65	1153	1
65	1164	1
65	1188	1
65	1195	2
65	1214	1
65	1232	1
65	1234	2
65	1237	2
66	1	1
66	10	1
66	11	1
66	13	1
66	17	2
66	22	2
66	63	0
66	100	0
66	148	2
66	155	1
66	160	1
66	166	1
66	187	0
66	200	1
66	267	1
66	322	2
66	340	0
66	348	2
66	350	2
66	370	2
66	385	1
66	427	1
66	429	2
66	434	2
66	446	0
66	463	0
66	498	0
66	558	1
66	590	1
66	605	1
66	607	0
66	630	1
66	698	2
66	722	2
66	724	2
66	731	1
66	736	2
66	763	2
66	767	1
66	771	0
66	788	0
66	821	1
66	837	0
66	882	2
66	907	0
66	912	0
66	913	1
66	944	2
66	969	0
66	976	0
66	980	0
66	990	2
66	1004	0
66	1098	1
66	1104	1
66	1109	1
66	1134	1
66	1155	0
66	1192	2
66	1194	1
66	1195	1
66	1214	0
66	1226	1
67	43	0
67	61	1
67	148	2
67	354	0
67	370	2
67	472	0
67	473	0
67	519	0
67	724	1
67	764	1
67	842	1
67	910	0
67	914	0
67	1234	2
68	11	0
68	64	0
68	90	2
68	135	1
68	195	0
68	206	1
68	297	1
68	327	1
68	331	1
68	341	0
68	349	2
68	358	0
68	359	1
68	370	0
68	437	0
68	438	0
68	543	2
68	546	2
68	550	1
68	607	1
68	632	1
68	734	2
68	819	0
68	826	1
68	838	1
68	882	1
68	889	2
68	904	1
68	913	0
68	944	1
68	964	0
68	969	1
68	1000	1
68	1003	2
68	1040	1
68	1046	2
68	1048	0
68	1093	2
68	1099	0
68	1134	0
68	1149	0
68	1150	0
68	1164	0
68	1172	0
68	1234	1
69	193	2
69	326	1
69	327	1
69	359	2
69	363	2
69	370	2
69	438	2
69	550	1
69	703	2
69	724	1
69	837	1
69	907	2
69	944	1
69	1000	2
69	1234	1
70	17	0
70	327	1
70	340	2
70	370	2
70	438	2
70	698	2
70	722	0
70	804	2
70	837	1
70	944	1
70	952	0
70	1000	2
70	1009	2
70	1032	2
70	1104	2
70	1232	1
70	1234	2
71	11	0
71	56	0
71	148	2
71	327	0
71	370	1
71	547	1
72	58	1
72	250	0
72	323	0
72	333	1
72	682	2
72	683	0
72	732	2
72	733	2
72	837	1
72	941	1
72	1000	1
72	1019	1
72	1125	1
73	50	2
73	224	2
73	227	2
73	359	2
73	370	1
73	438	2
73	629	0
73	630	2
73	724	1
73	806	0
73	843	2
73	844	2
73	990	1
73	1000	1
73	1093	2
73	1228	0
73	1229	0
73	1234	1
74	148	0
74	370	0
74	724	1
74	910	2
74	914	2
74	1000	1
74	1093	2
75	100	0
75	241	2
75	273	1
75	316	2
75	348	0
75	354	0
75	359	0
75	370	2
75	446	2
75	519	1
75	587	0
75	597	0
75	751	0
75	757	0
75	837	1
75	944	1
75	1043	0
75	1047	0
75	1110	2
75	1234	2
75	1235	0
76	329	1
76	330	0
76	359	1
76	370	0
76	437	2
76	438	1
76	606	2
76	731	1
76	882	1
76	889	1
76	1007	2
76	1023	1
76	1039	1
76	1048	0
76	1080	1
76	1134	1
76	1188	2
77	25	1
77	27	2
77	31	0
77	50	1
77	90	2
77	128	2
77	135	1
77	148	1
77	168	1
77	195	1
77	197	1
77	224	2
77	226	1
77	227	0
77	267	1
77	297	1
77	298	1
77	321	0
77	323	2
77	326	0
77	327	2
77	329	2
77	330	2
77	333	1
77	359	2
77	370	2
77	428	1
77	437	2
77	438	2
77	542	0
77	546	2
77	550	1
77	551	1
77	558	1
77	586	1
77	592	0
77	629	2
77	630	1
77	663	1
77	722	2
77	724	1
77	729	1
77	731	2
77	734	2
77	735	2
77	754	2
77	806	0
77	826	1
77	837	1
77	839	1
77	843	2
77	844	2
77	845	2
77	879	1
77	882	2
77	889	2
77	912	1
77	937	1
77	939	2
77	941	1
77	944	2
77	963	1
77	990	2
77	1006	2
77	1012	2
77	1023	1
77	1034	2
77	1035	2
77	1040	1
77	1080	1
77	1092	2
77	1093	2
77	1134	1
77	1138	2
77	1149	2
77	1150	2
77	1152	2
77	1153	2
77	1188	1
77	1220	2
77	1232	1
77	1234	2
78	61	2
78	65	0
78	82	1
78	90	0
78	93	0
78	135	0
78	146	2
78	152	1
78	159	2
78	161	0
78	179	1
78	184	0
78	188	1
78	238	0
78	253	1
78	255	2
78	265	1
78	282	2
78	315	0
78	320	2
78	321	0
78	326	0
78	330	0
78	333	0
78	359	1
78	370	1
78	373	2
78	427	1
78	438	2
78	451	1
78	452	2
78	459	0
78	460	0
78	479	0
78	556	1
78	648	0
78	663	0
78	680	2
78	686	1
78	696	1
78	718	1
78	722	1
78	724	1
78	731	1
78	734	1
78	753	0
78	800	0
78	802	1
78	838	0
78	884	1
78	889	1
78	912	0
78	944	1
78	945	0
78	1010	1
78	1015	1
78	1019	0
78	1021	2
78	1042	2
78	1065	0
78	1069	1
78	1071	2
78	1078	2
78	1081	1
78	1086	2
78	1089	2
78	1090	2
78	1091	2
78	1093	2
78	1111	2
78	1112	0
78	1118	1
78	1179	1
78	1180	1
78	1181	2
78	1227	0
78	1234	1
79	65	0
79	75	0
79	123	1
79	132	1
79	135	1
79	146	2
79	148	1
79	179	0
79	184	0
79	255	0
79	315	0
79	320	0
79	330	1
79	333	1
79	359	1
79	370	0
79	373	0
79	384	0
79	427	0
79	438	1
79	452	0
79	648	1
79	650	1
79	663	0
79	826	1
79	829	1
79	838	0
79	882	1
79	912	0
79	923	0
79	944	1
79	945	0
79	1000	1
79	1010	0
79	1023	1
79	1065	0
79	1082	0
79	1089	1
79	1091	1
79	1112	2
79	1179	0
79	1181	2
79	1234	0
80	61	0
80	135	0
80	152	0
80	159	0
80	238	0
80	330	1
80	333	1
80	427	0
80	438	0
80	451	0
80	452	0
80	453	0
80	458	2
80	459	0
80	460	2
80	612	0
80	663	0
80	696	0
80	722	1
80	753	2
80	800	1
80	884	0
80	912	1
80	945	1
80	1010	0
80	1042	1
80	1065	0
80	1071	1
80	1078	2
80	1091	0
80	1179	0
80	1180	0
80	1227	2
80	1234	1
81	31	0
81	90	1
81	93	0
81	132	1
81	135	1
81	195	1
81	253	0
81	321	2
81	326	1
81	359	1
81	370	1
81	438	1
81	542	0
81	546	2
81	550	1
81	551	1
81	586	1
81	592	0
81	729	1
81	731	1
81	734	2
81	941	1
81	944	1
81	990	2
81	1092	0
81	1134	1
81	1232	1
81	1234	1
82	25	2
82	31	2
82	90	2
82	93	2
82	132	1
82	135	2
82	148	1
82	152	2
82	159	2
82	189	1
82	195	1
82	197	1
82	238	1
82	253	2
82	297	1
82	321	2
82	326	2
82	327	2
82	330	1
82	331	1
82	333	1
82	359	2
82	370	2
82	427	1
82	438	2
82	458	0
82	542	0
82	543	2
82	546	2
82	550	1
82	551	1
82	586	1
82	592	0
82	722	1
82	724	1
82	729	1
82	731	1
82	734	2
82	826	0
82	837	1
82	845	1
82	879	1
82	882	1
82	889	1
82	904	1
82	912	1
82	937	1
82	941	1
82	944	1
82	952	1
82	963	1
82	990	1
82	1000	1
82	1003	0
82	1040	1
82	1078	0
82	1092	1
82	1150	1
82	1188	1
82	1227	1
82	1232	1
82	1234	2
83	18	1
83	166	1
83	187	1
83	238	0
83	366	0
83	370	1
83	394	0
83	427	0
83	430	1
83	432	2
83	447	0
83	463	1
83	501	1
83	505	1
83	517	1
83	550	1
83	590	1
83	609	0
83	668	1
83	767	2
83	905	1
83	912	1
83	988	0
83	989	0
83	1074	0
83	1077	1
83	1091	0
83	1102	0
83	1143	0
83	1170	0
83	1171	0
83	1203	2
84	8	2
84	160	1
84	333	0
84	346	0
84	384	0
84	555	0
84	590	0
84	778	0
84	837	1
84	912	1
84	922	1
84	952	0
84	986	0
84	1086	1
84	1112	1
84	1179	1
85	29	2
85	58	2
85	88	0
85	98	1
85	179	2
85	200	2
85	202	1
85	250	0
85	370	1
85	427	2
85	432	0
85	438	1
85	469	1
85	475	0
85	589	0
85	590	1
85	724	1
85	732	1
85	733	1
85	888	1
85	912	1
85	941	1
85	969	1
85	982	0
85	983	0
85	1018	2
85	1019	0
85	1022	1
85	1036	1
85	1065	1
85	1118	2
86	8	1
86	61	2
86	85	0
86	110	1
86	135	1
86	148	2
86	152	2
86	160	2
86	200	1
86	238	0
86	271	2
86	330	1
86	346	1
86	370	1
86	384	0
86	427	1
86	505	1
86	554	2
86	555	1
86	577	0
86	586	1
86	590	1
86	722	1
86	731	1
86	763	1
86	769	0
86	922	1
86	944	1
86	945	1
86	952	1
86	983	0
86	990	2
86	1000	1
86	1015	1
86	1033	1
86	1071	1
86	1077	0
86	1086	1
86	1090	1
86	1091	1
86	1112	1
86	1118	1
86	1173	0
86	1181	1
86	1227	1
86	1232	1
86	1234	1
87	187	2
87	223	1
87	228	2
87	229	2
87	333	1
87	369	2
87	370	1
87	382	0
87	394	1
87	401	0
87	432	2
87	438	2
87	485	1
87	513	1
87	550	1
87	590	2
87	631	1
87	632	1
87	668	1
87	722	1
87	812	1
87	819	1
87	833	1
87	860	0
87	945	0
87	990	1
87	1005	2
87	1007	0
87	1015	1
87	1025	0
87	1032	0
87	1060	0
87	1071	1
87	1134	1
87	1163	1
87	1169	1
87	1180	1
87	1234	1
88	370	1
88	443	2
88	457	2
88	590	2
88	614	0
88	668	1
88	678	0
88	679	0
88	702	0
88	945	0
88	990	1
88	1091	1
88	1134	1
88	1144	0
89	79	0
89	152	2
89	176	1
89	177	0
89	179	1
89	260	2
89	265	2
89	370	0
89	469	2
89	479	0
89	590	0
89	706	0
89	778	0
89	905	0
89	912	1
89	1065	0
89	1086	1
90	7	2
90	160	1
90	161	1
90	176	2
90	177	2
90	200	2
90	260	2
90	265	2
90	370	0
90	451	2
90	479	0
90	505	1
90	589	1
90	590	2
90	763	1
90	778	0
90	874	1
90	884	2
90	912	2
90	987	0
90	1065	0
90	1071	1
90	1086	1
90	1089	1
90	1090	0
90	1091	2
90	1234	1
90	1238	0
91	1	1
91	3	2
91	4	2
91	8	1
91	9	1
91	11	1
91	13	1
91	15	2
91	17	1
91	21	0
91	29	1
91	30	0
91	32	1
91	33	1
91	40	2
91	41	1
91	45	1
91	46	1
91	50	1
91	56	1
91	57	2
91	58	2
91	59	1
91	60	1
91	69	1
91	78	1
91	88	1
91	92	1
91	94	1
91	95	2
91	97	2
91	98	1
91	100	2
91	103	2
91	105	2
91	109	2
91	115	2
91	116	2
91	118	2
91	119	2
91	121	1
91	122	1
91	124	1
91	128	1
91	134	1
91	135	1
91	139	1
91	147	1
91	163	1
91	166	1
91	170	1
91	173	1
91	174	1
91	181	1
91	182	2
91	183	0
91	186	0
91	189	0
91	199	2
91	202	0
91	204	0
91	211	0
91	226	1
91	237	1
91	240	0
91	241	2
91	242	1
91	243	1
91	244	1
91	248	1
91	250	2
91	256	1
91	259	1
91	261	1
91	263	1
91	264	1
91	265	1
91	266	2
91	267	2
91	268	0
91	272	1
91	274	0
91	275	1
91	276	1
91	278	1
91	279	1
91	281	1
91	283	1
91	286	1
91	287	1
91	294	2
91	297	1
91	300	0
91	301	0
91	314	0
91	317	0
91	322	1
91	331	1
91	333	1
91	339	1
91	348	2
91	351	0
91	352	0
91	353	2
91	354	1
91	355	0
91	359	1
91	361	0
91	362	2
91	364	0
91	370	2
91	376	1
91	381	1
91	385	1
91	392	1
91	395	1
91	396	1
91	398	1
91	405	1
91	412	2
91	413	2
91	416	0
91	422	1
91	423	0
91	426	1
91	428	0
91	431	1
91	434	2
91	443	1
91	454	0
91	455	0
91	466	0
91	468	2
91	473	1
91	474	0
91	475	1
91	478	0
91	485	0
91	486	2
91	489	0
91	508	1
91	512	1
91	538	1
91	545	0
91	549	0
91	550	2
91	551	1
91	552	2
91	553	1
91	559	1
91	562	1
91	579	0
91	582	1
91	586	1
91	594	1
91	598	1
91	601	1
91	603	2
91	611	0
91	615	1
91	626	1
91	641	1
91	642	0
91	643	1
91	648	1
91	659	0
91	667	1
91	673	0
91	682	0
91	683	0
91	684	0
91	688	0
91	690	1
91	694	0
91	695	0
91	700	2
91	704	1
91	714	0
91	719	1
91	720	2
91	722	2
91	724	1
91	725	1
91	727	1
91	728	2
91	729	1
91	731	2
91	732	2
91	733	2
91	735	1
91	751	2
91	752	1
91	756	2
91	759	2
91	762	1
91	763	2
91	764	2
91	767	1
91	768	0
91	770	2
91	771	1
91	772	2
91	773	1
91	779	1
91	781	2
91	782	1
91	784	2
91	787	2
91	788	1
91	791	1
91	794	0
91	796	0
91	797	2
91	798	0
91	799	0
91	801	2
91	803	0
91	808	2
91	809	1
91	822	2
91	833	2
91	834	0
91	835	0
91	836	0
91	838	1
91	844	2
91	854	1
91	859	2
91	866	1
91	867	1
91	868	1
91	870	1
91	872	2
91	875	1
91	880	1
91	882	1
91	883	0
91	888	2
91	893	2
91	894	1
91	896	1
91	897	0
91	900	0
91	906	1
91	913	1
91	914	0
91	935	1
91	941	1
91	944	1
91	947	1
91	965	2
91	974	1
91	982	1
91	985	2
91	990	2
91	992	1
91	993	1
91	997	2
91	998	2
91	1000	2
91	1018	2
91	1019	2
91	1023	1
91	1033	1
91	1040	1
91	1041	1
91	1043	2
91	1047	2
91	1051	1
91	1054	2
91	1056	2
91	1057	2
91	1058	2
91	1063	1
91	1080	2
91	1085	1
91	1091	1
91	1093	2
91	1095	2
91	1097	0
91	1098	1
91	1103	0
91	1106	0
91	1107	0
91	1108	0
91	1115	1
91	1116	1
91	1118	2
91	1119	2
91	1125	0
91	1134	0
91	1177	2
91	1184	1
91	1186	1
91	1189	2
91	1191	1
91	1192	1
91	1216	2
91	1217	2
91	1219	2
91	1226	2
91	1232	1
91	1234	1
91	1235	2
92	17	1
92	43	1
92	111	1
92	130	0
92	135	2
92	136	1
92	148	2
92	181	1
92	185	0
92	189	1
92	193	0
92	200	1
92	213	1
92	226	2
92	238	2
92	258	2
92	333	2
92	342	0
92	354	0
92	370	2
92	377	0
92	392	1
92	429	1
92	434	0
92	446	1
92	465	1
92	472	2
92	473	1
92	479	0
92	489	1
92	492	1
92	503	1
92	510	1
92	514	0
92	550	0
92	559	1
92	586	2
92	596	1
92	599	1
92	607	1
92	611	0
92	643	1
92	653	1
92	661	2
92	671	0
92	687	0
92	692	0
92	705	0
92	722	2
92	724	1
92	729	1
92	731	2
92	735	1
92	763	1
92	764	1
92	767	1
92	778	1
92	783	2
92	788	0
92	804	1
92	806	1
92	822	0
92	824	1
92	826	0
92	837	1
92	838	1
92	839	1
92	842	1
92	845	2
92	856	1
92	858	1
92	859	1
92	879	2
92	883	1
92	888	1
92	889	1
92	908	0
92	910	0
92	914	0
92	915	0
92	926	0
92	930	1
92	934	0
92	940	1
92	941	1
92	944	1
92	946	1
92	952	2
92	990	2
92	1000	2
92	1014	1
92	1023	2
92	1031	0
92	1033	1
92	1040	1
92	1066	1
92	1071	1
92	1093	2
92	1147	2
92	1151	1
92	1186	1
92	1188	1
92	1192	0
92	1195	2
92	1226	1
92	1227	1
92	1232	1
92	1234	2
93	113	2
93	145	2
93	180	2
93	272	2
93	422	1
93	467	0
93	489	1
93	550	1
93	586	2
93	722	1
93	724	1
93	873	1
93	999	2
93	1000	2
93	1020	2
93	1023	1
93	1033	2
93	1233	1
94	78	1
94	114	2
94	122	1
94	123	1
94	137	1
94	192	1
94	209	1
94	270	2
94	277	2
94	282	1
94	309	2
94	311	2
94	322	1
94	359	1
94	370	0
94	400	1
94	435	1
94	436	1
94	440	2
94	442	1
94	494	2
94	498	2
94	504	1
94	505	1
94	533	1
94	536	2
94	571	2
94	742	2
94	745	2
94	789	0
94	955	2
94	1016	2
94	1091	2
94	1092	2
94	1121	2
94	1143	2
94	1156	1
94	1158	1
94	1197	2
94	1199	2
94	1200	1
94	1204	2
94	1223	1
95	12	1
95	30	2
95	43	0
95	192	2
95	257	0
95	322	0
95	603	0
95	606	0
95	1097	1
96	9	1
96	40	1
96	43	0
96	75	2
96	454	2
96	455	2
96	520	1
96	526	1
96	527	1
96	673	2
96	883	0
96	1087	1
97	52	0
97	68	0
97	135	1
97	140	1
97	190	1
97	392	1
97	416	1
97	538	1
97	539	2
97	751	0
97	757	2
98	145	1
98	180	0
98	270	1
98	272	0
98	362	2
98	467	0
98	595	0
98	667	2
98	728	2
98	782	2
98	787	1
98	985	0
98	1018	0
98	1019	0
98	1118	1
99	268	2
99	324	2
99	449	2
99	992	0
99	1191	1
100	59	1
100	183	2
100	370	1
100	579	2
100	803	0
100	833	0
100	1000	2
100	1017	2
100	1033	1
100	1097	0
100	1232	1
